{
  "tool": "summarize_survival_space_em_extended_summary_v0",
  "generated_at_utc": "2026-01-09T04:11:55.633364Z",
  "runs_root": "/Users/liugang/Cursor_Store/Prometheus-Quant/runs_v12_modeling_tool",
  "run_list_file": "/private/tmp/v12_survival_space_em_v1_fixm_extended_final_440_runs.txt",
  "output_dir": "/private/tmp/survival_space_em_v1_fixm_extended_summary_final_440_20260109",
  "total_runs_processed": 440,
  "per_run_metrics_jsonl": "/private/tmp/survival_space_em_v1_fixm_extended_summary_final_440_20260109/per_run_metrics.jsonl",
  "by_mode": {
    "full": {
      "suppression_ratio": {
        "count": 200,
        "min": 0.1639691869984164,
        "mean": 0.37914628618195784,
        "std": 0.36323002893083756,
        "p10": 0.16557491451523282,
        "p25": 0.1662705250371806,
        "p50": 0.16708021102087608,
        "p75": 0.9999699943989545,
        "p90": 1.0,
        "max": 1.0
      },
      "downshift_rate": {
        "count": 200,
        "min": 0.24436,
        "mean": 0.3773939,
        "std": 0.21811878248511754,
        "p10": 0.247698,
        "p25": 0.24893,
        "p50": 0.2509,
        "p75": 0.7452650000000001,
        "p90": 0.750786,
        "max": 0.75432
      },
      "block_rate": {
        "count": 200,
        "min": 0.0,
        "mean": 0.24999500000000002,
        "std": 0.4330040416381814,
        "p10": 0.0,
        "p25": 0.0,
        "p50": 0.0,
        "p75": 0.249995,
        "p90": 0.9999799999999999,
        "max": 0.99998
      },
      "order_attempts_count": {
        "count": 200,
        "min": 0.0,
        "mean": 46532.065,
        "std": 27224.03589717688,
        "p10": 0.0,
        "p25": 2.25,
        "p50": 62359.0,
        "p75": 62553.75,
        "p90": 62699.0,
        "max": 62890.0
      }
    },
    "no_e": {
      "suppression_ratio": {
        "count": 200,
        "min": 0.05458390413236331,
        "mean": 0.29886758982931055,
        "std": 0.41019874435761394,
        "p10": 0.05684626298098424,
        "p25": 0.05818873772439365,
        "p50": 0.05987091771057512,
        "p75": 0.9999699947990985,
        "p90": 1.0,
        "max": 1.0
      },
      "downshift_rate": {
        "count": 200,
        "min": 0.08208,
        "mean": 0.2570709,
        "std": 0.2885147325513725,
        "p10": 0.085218,
        "p25": 0.08711500000000001,
        "p50": 0.08979000000000001,
        "p75": 0.7452650000000001,
        "p90": 0.750786,
        "max": 0.75432
      },
      "block_rate": {
        "count": 200,
        "min": 0.0,
        "mean": 0.25499489999999997,
        "std": 0.4358524992196212,
        "p10": 0.0,
        "p25": 0.0,
        "p50": 0.0,
        "p75": 0.99998,
        "p90": 0.9999799999999999,
        "max": 0.99998
      },
      "order_attempts_count": {
        "count": 200,
        "min": 0.0,
        "mean": 52560.37,
        "std": 30751.326165437145,
        "p10": 0.0,
        "p25": 2.25,
        "p50": 70403.0,
        "p75": 70695.5,
        "p90": 70888.1,
        "max": 71121.0
      }
    },
    "no_m": {
      "suppression_ratio": {
        "count": 20,
        "min": 0.1639691869984164,
        "mean": 0.16642839937453904,
        "std": 0.0011695722142854024,
        "p10": 0.1648371953969895,
        "p25": 0.16542956900090233,
        "p50": 0.16656301779512714,
        "p75": 0.16738398090144024,
        "p90": 0.16768780670201086,
        "max": 0.1684373470224786
      },
      "downshift_rate": {
        "count": 20,
        "min": 0.24436,
        "mean": 0.24954900000000002,
        "std": 0.002558128026506884,
        "p10": 0.24636,
        "p25": 0.247605,
        "p50": 0.25015,
        "p75": 0.251245,
        "p90": 0.25198400000000004,
        "max": 0.25462
      },
      "block_rate": {
        "count": 20,
        "min": 0.0,
        "mean": 0.0,
        "std": 0.0,
        "p10": 0.0,
        "p25": 0.0,
        "p50": 0.0,
        "p75": 0.0,
        "p90": 0.0,
        "max": 0.0
      },
      "order_attempts_count": {
        "count": 20,
        "min": 62152.0,
        "mean": 62492.9,
        "std": 186.4617655177597,
        "p10": 62284.8,
        "p25": 62371.0,
        "p50": 62477.5,
        "p75": 62651.0,
        "p90": 62733.700000000004,
        "max": 62852.0
      }
    },
    "null": {
      "suppression_ratio": {
        "count": 20,
        "min": 0.0,
        "mean": 0.0,
        "std": 0.0,
        "p10": 0.0,
        "p25": 0.0,
        "p50": 0.0,
        "p75": 0.0,
        "p90": 0.0,
        "max": 0.0
      },
      "downshift_rate": {
        "count": 20,
        "min": 0.0,
        "mean": 0.0,
        "std": 0.0,
        "p10": 0.0,
        "p25": 0.0,
        "p50": 0.0,
        "p75": 0.0,
        "p90": 0.0,
        "max": 0.0
      },
      "block_rate": {
        "count": 20,
        "min": 0.0,
        "mean": 0.0,
        "std": 0.0,
        "p10": 0.0,
        "p25": 0.0,
        "p50": 0.0,
        "p75": 0.0,
        "p90": 0.0,
        "max": 0.0
      },
      "order_attempts_count": {
        "count": 20,
        "min": 74305.0,
        "mean": 74976.95,
        "std": 334.0249204774997,
        "p10": 74505.59999999999,
        "p25": 74735.5,
        "p50": 75078.0,
        "p75": 75179.75,
        "p90": 75359.09999999999,
        "max": 75515.0
      }
    }
  },
  "errors": []
}
