{
  "tool": "recompute_trial5_visibility_knife_summary_v0",
  "generated_at_utc": "2026-01-07T06:01:07.364665Z",
  "runs_root": "/Users/liugang/Cursor_Store/Prometheus-Quant/runs_v12_d0_trial_5_visibility_knife",
  "run_count": 600,
  "pair_count": 300,
  "H_values": [
    5,
    15,
    30,
    60,
    null
  ],
  "g_hi_values": [
    0.55,
    0.6,
    0.65
  ],
  "reduction_ratio_by_H": {
    "5": {
      "count": 60,
      "mean": 1.0034218644136272,
      "std": 0.2168085955572696,
      "min": 0.6452312138728323,
      "max": 1.5197278911564627
    },
    "15": {
      "count": 60,
      "mean": 0.9965275585268518,
      "std": 0.17803410187621888,
      "min": 0.6864623243933589,
      "max": 1.399581589958159
    },
    "30": {
      "count": 60,
      "mean": 0.9959439043175152,
      "std": 0.17307163091936345,
      "min": 0.6913890634820867,
      "max": 1.3850806451612903
    },
    "60": {
      "count": 60,
      "mean": 0.9956785603178726,
      "std": 0.1723424446322323,
      "min": 0.693125,
      "max": 1.3839195979899497
    },
    "None": {
      "count": 60,
      "mean": 0.9956785603178726,
      "std": 0.1723424446322323,
      "min": 0.693125,
      "max": 1.3839195979899497
    }
  },
  "gap_on_by_H": {
    "5": {
      "count": 60,
      "mean": 1029.5166666666667,
      "std": 159.71813627623996,
      "min": 735,
      "max": 1405
    },
    "15": {
      "count": 60,
      "mean": 1227.0833333333333,
      "std": 154.98067531864166,
      "min": 956,
      "max": 1574
    },
    "30": {
      "count": 60,
      "mean": 1260.9166666666667,
      "std": 157.0162721574494,
      "min": 992,
      "max": 1619
    },
    "60": {
      "count": 60,
      "mean": 1265.8,
      "std": 155.67860054184283,
      "min": 995,
      "max": 1605
    },
    "None": {
      "count": 60,
      "mean": 1265.8,
      "std": 155.67860054184283,
      "min": 995,
      "max": 1605
    }
  },
  "reduction_ratio_by_H_and_g_hi": {
    "5": {
      "0.55": {
        "count": 20,
        "mean": 1.0015752178185817,
        "std": 0.2151786521985228,
        "min": 0.6452312138728323,
        "max": 1.5093333333333334
      },
      "0.6": {
        "count": 20,
        "mean": 1.0040276060114084,
        "std": 0.21590972532882396,
        "min": 0.6505338078291815,
        "max": 1.5162162162162163
      },
      "0.65": {
        "count": 20,
        "mean": 1.0046627694108916,
        "std": 0.21930281028127202,
        "min": 0.6475233309404164,
        "max": 1.5197278911564627
      }
    },
    "15": {
      "0.55": {
        "count": 20,
        "mean": 0.9951353930427371,
        "std": 0.17711889769823652,
        "min": 0.687061822817081,
        "max": 1.3934088568486096
      },
      "0.6": {
        "count": 20,
        "mean": 0.9971338364014095,
        "std": 0.1775409214154733,
        "min": 0.6880559085133418,
        "max": 1.3983315954118873
      },
      "0.65": {
        "count": 20,
        "mean": 0.9973134461364086,
        "std": 0.17942580159160718,
        "min": 0.6864623243933589,
        "max": 1.399581589958159
      }
    },
    "30": {
      "0.55": {
        "count": 20,
        "mean": 0.9947379011399298,
        "std": 0.173034287880031,
        "min": 0.6913890634820867,
        "max": 1.3850806451612903
      },
      "0.6": {
        "count": 20,
        "mean": 0.9964118127710773,
        "std": 0.17230474729422707,
        "min": 0.6957868649318464,
        "max": 1.3846928499496476
      },
      "0.65": {
        "count": 20,
        "mean": 0.9966819990415386,
        "std": 0.17386592362847098,
        "min": 0.6967263743051266,
        "max": 1.3843058350100603
      }
    },
    "60": {
      "0.55": {
        "count": 20,
        "mean": 0.9945907633952222,
        "std": 0.17206451365319572,
        "min": 0.693125,
        "max": 1.3839195979899497
      },
      "0.6": {
        "count": 20,
        "mean": 0.996122250742234,
        "std": 0.17159526322291208,
        "min": 0.6940809968847352,
        "max": 1.3800995024875622
      },
      "0.65": {
        "count": 20,
        "mean": 0.9963226668161616,
        "std": 0.17335751616146378,
        "min": 0.6940809968847352,
        "max": 1.383149448345035
      }
    },
    "None": {
      "0.55": {
        "count": 20,
        "mean": 0.9945907633952222,
        "std": 0.17206451365319572,
        "min": 0.693125,
        "max": 1.3839195979899497
      },
      "0.6": {
        "count": 20,
        "mean": 0.996122250742234,
        "std": 0.17159526322291208,
        "min": 0.6940809968847352,
        "max": 1.3800995024875622
      },
      "0.65": {
        "count": 20,
        "mean": 0.9963226668161616,
        "std": 0.17335751616146378,
        "min": 0.6940809968847352,
        "max": 1.383149448345035
      }
    }
  }
}