{
  "tool": "recompute_trial4_block_knife_summary_v0",
  "generated_at_utc": "2026-01-07T05:31:17.770382Z",
  "runs_root": "/Users/liugang/Cursor_Store/Prometheus-Quant/runs_v12_d0_trial_4_block_knife",
  "run_count": 180,
  "pair_count": 60,
  "block_size_ticks_expected": 60,
  "reduction_ratio_full_overall": {
    "count": 60,
    "mean": 1.010726923486728,
    "std": 0.15118259438714196,
    "min": 0.719013627514601,
    "max": 1.3242424242424242
  },
  "reduction_ratio_block_overall": {
    "count": 60,
    "mean": 0.24560992201518733,
    "std": 0.5571292720510254,
    "min": -0.6715462031107045,
    "max": 1.1602787456445993
  },
  "reduction_ratio_full_by_g_hi": {
    "0.55": {
      "count": 20,
      "mean": 1.0111300266482588,
      "std": 0.15151278178140307,
      "min": 0.719013627514601,
      "max": 1.3242424242424242
    },
    "0.6": {
      "count": 20,
      "mean": 1.0102241631562165,
      "std": 0.1505620720516846,
      "min": 0.721184803605924,
      "max": 1.3187686196623634
    },
    "0.65": {
      "count": 20,
      "mean": 1.0108265806557084,
      "std": 0.15146961662850225,
      "min": 0.7204648160103292,
      "max": 1.3219658976930793
    }
  },
  "reduction_ratio_block_by_g_hi": {
    "0.55": {
      "count": 20,
      "mean": 0.15690296839721954,
      "std": 0.516835544297377,
      "min": -0.6715462031107045,
      "max": 0.9942004971002486
    },
    "0.6": {
      "count": 20,
      "mean": 0.26344848132623055,
      "std": 0.5717203965437172,
      "min": -0.5260785576303928,
      "max": 1.1230366492146597
    },
    "0.65": {
      "count": 20,
      "mean": 0.31647831632211193,
      "std": 0.5691980485955038,
      "min": -0.5300193673337638,
      "max": 1.1602787456445993
    }
  }
}